–î–∞—Ç–∞ –ø–∏—Å—å–º–∞,–¢—Ä–∞–Ω—Å–∫—Ä–∏–±–∞—Ü–∏—è,–û—Å–Ω–æ–≤–Ω—ã–µ —Å–æ–º–Ω–µ–Ω–∏—è –∫–ª–∏–µ–Ω—Ç–∞,–†–µ–∫–æ–º–µ–Ω–¥–∞—Ü–∏–∏ –ø–æ —É–ª—É—á—à–µ–Ω–∏—é –û–ü,,
2025-06-09T08:42:02.000Z,"–î–æ–±—Ä—ã–π –¥–µ–Ω—å, –ø–æ–¥—Å–∫–∞–∂–∏—Ç–µ, –≤—á–µ—Ä–∞ –æ—Ñ–æ—Ä–º–∏–ª –∑–∞–∫–∞–∑ –Ω–æ–º–µ—Ä 1022. –î–∞-–¥–∞-–¥–∞, —è —Ç–æ–ª—å–∫–æ —Ö–æ—Ç–µ–ª —Å –≤–∞–º–∏ —Å–≤—è–∑–∞—Ç—å—Å—è. –ú—ã —Å –≤–∞–º–∏ –ø–µ—Ä–µ–ø–∏—Å—ã–≤–∞–ª–∏—Å—å –≤ –í–∞—Ç—Å–∞–ø–µ, —Ö–æ—Ç–µ–ª —É—Ç–æ—á–Ω–∏—Ç—å. –í–æ–∑–º–æ–∂–Ω–æ, –¥–∞, –≤–æ–∑–º–æ–∂–Ω–æ, –≤—ã –±—ã–ª–∏, –¥–∞. –î–∞-–¥–∞-–¥–∞, –º—ã —Å –≤–∞–º–∏ –ø–µ—Ä–µ–ø–∏—Å—ã–≤–∞–ª–∏—Å—å, —Å–µ–π—á–∞—Å, —Å–µ–∫—É–Ω–¥–æ—á–∫—É, –¥–∞. –¢–∞–∫, –í–∏—Ç–∞–ª–∏–π –∂–µ, –¥–∞, –≤–∞—Å –∑–æ–≤—É—Ç? –î–∞, –≤—Å–µ –≤–µ—Ä–Ω–æ, —è –ø—Ä–æ—Å—Ç–æ –ø–æ –¥–æ—Å—Ç–∞–≤–∫–µ —Ç–∞–º –Ω–∞ —Å–∞–π—Ç–µ –Ω–µ –æ—á–µ–Ω—å –∫–æ—Ä—Ä–µ–∫—Ç–Ω–æ –≤—ã–±—Ä–∞–Ω–æ, —á—Ç–æ –∏ —Å–∞–º–æ–≥–æ –≤—ã–≤–æ–∑–∞ –≤ –û–º—Å–∫–µ –Ω–µ—Ç—É, –¥–∞, —è –ø–æ—ç—Ç–æ–º—É –Ω–∞–ø–∏—Å–∞–ª –≤ –∫–æ–º–º–µ–Ω—Ç–∞—Ä–∏–∏, —á—Ç–æ –¥–æ—Å—Ç–∞–≤–∫–∞. –Ø –≤–∏–¥–µ–ª, –¥–∞, –Ω–æ —Å–µ–π—á–∞—Å —Å ¬´–ê–≤–¥–µ–∫–æ–º¬ª –ø—Ä–æ–±–ª–µ–º—ã –∫–∞–∫–∏–µ-—Ç–æ —É–∂–µ. –ù—É, –≤—Ä–æ–¥–µ –æ–±–µ—â–∞—é—Ç –ø–æ—á–∏–Ω–∏—Ç—å –≤ –±–ª–∏–∂–∞–π—à–µ–µ –≤—Ä–µ–º—è, –Ω–µ –∑–Ω–∞—é, –º–Ω–µ –≤ –ø—Ä–∏–Ω—Ü–∏–ø–µ –ª—é–±–æ–π‚Ä¶ –ß–µ—Ä–µ–∑ –Ω–µ–¥–µ–ª—é –æ–±–µ—â–∞—é—Ç. –î–∞, –Ω—É –º–Ω–µ –≤ –ø—Ä–∏–Ω—Ü–∏–ø–µ –ª—é–±–æ–π —Ç—Ä–∞–Ω—Å–ø–æ—Ä—Ç–Ω–æ–π –∫–æ–º–ø–∞–Ω–∏–µ–π –º–æ–∂–Ω–æ –æ—Ç–ø—Ä–∞–≤–∏—Ç—å. –ù—É, –º—ã —Å–µ–π—á–∞—Å —Ä–∞—Å—Å–º–∞—Ç—Ä–∏–≤–∞–µ–º ¬´–ë–æ–∫—Å–±–µ—Ä–∏¬ª –∏ ¬´–Ø–Ω–¥–µ–∫—Å.–î–æ—Å—Ç–∞–≤–∫–∞¬ª –µ—â–µ, –≤ –ø—Ä–∏–Ω—Ü–∏–ø–µ, —Ç–æ–∂–µ —Ç–∞–∫–∞—è, –∫–æ—Ç–æ—Ä—É—é —á–µ—Ä–µ–∑ –ø—É–Ω–∫—Ç –æ—Ç–ø—Ä–∞–≤–ª—è–µ—à—å, —Ç–æ–∂–µ –≤—Ä–æ–¥–µ, –Ω—É, –ø–∞—Ä—É –ø–æ—Å—ã–ª–æ–∫ –æ—Ç–ø—Ä–∞–≤–∏–ª–∏, –Ω–æ —á—Ç–æ-—Ç–æ –æ–Ω–∏ –ø–æ–∫–∞ –µ—â–µ –≤ –ø—É–Ω–∫—Ç–µ –ª–µ–∂–∞—Ç, –ø–æ —Å—Ä–æ–∫–∞–º –Ω–µ–ø–æ–Ω—è—Ç–Ω–æ. –¢–æ –µ—Å—Ç—å –º—ã —Å–µ–π—á–∞—Å –ø—Ä–æ–±—É–µ–º –Ω–æ–≤—ã–µ —Ç—Ä–∞–Ω—Å–ø–æ—Ä—Ç–Ω—ã–µ –∫–æ–º–ø–∞–Ω–∏–∏ –≤ —Å–≤—è–∑–∏ —Å —Å–∏—Ç—É–∞—Ü–∏–µ–π —Å ¬´–ê–≤–¥–µ–∫–æ–º¬ª, –Ω–æ –≤–æ—Ç —Å ¬´–ë–æ–∫—Å–±–µ—Ä–∏¬ª —É –Ω–∞—Å —Ç–æ–∂–µ –Ω–µ—É–¥–∞—á–Ω–∞—è —Å–∏—Ç—É–∞—Ü–∏—è –≤—á–µ—Ä–∞ –±—ã–ª–∞, —Ç–∞–º —á—Ç–æ-—Ç–æ —É –Ω–∏—Ö –∑–∞–ª–∞–≥–∞–ª –∫–∞–±–∏–Ω–µ—Ç, –Ω–µ —Å–º–æ–≥–ª–∏ –æ—Ç–ø—Ä–∞–≤–∏—Ç—å –ø–æ—Å—ã–ª–∫–∏. –í –æ–±—â–µ–º, —Å—Ç—Ä–∞–¥–∞–µ–º –æ—Ç —ç—Ç–æ–≥–æ, –∂–¥–µ–º –æ—á–µ–Ω—å —Å–∏–ª—å–Ω–æ–µ —Ç–æ–∂–µ –≤–æ–∑–≤—Ä–∞—â–µ–Ω–∏–µ ¬´–ê–≤–¥–µ–∫–∞¬ª —Å –Ω–æ–≤—ã–º–∏ —Å–∏–ª–∞–º–∏, —á—Ç–æ–±—ã –æ–Ω–∏ —Ç–∞–º –≤—Å–µ, –≤—Å–µ —Ä–µ—à–∏–ª–∏, —á—Ç–æ –¥–µ–ª–∞–ª–∏. –¢–∞–∫, –¥–∞, –í–∏—Ç–∞–ª–∏–π, —Å–º–æ—Ç—Ä–∏—Ç–µ, –µ—â–µ —è —Ö–æ—Ç–µ–ª —Å –≤–∞–º–∏ –æ–±—Å—É–¥–∏—Ç—å, –º—ã –ø–µ—Ä–µ–ø–∏—Å—ã–≤–∞–ª–∏—Å—å —Å –≤–∞–º–∏ –∫–∞–∫-—Ç–æ, –±—ã–ª–æ –¥–µ–ª–æ, —è –≤–∞—Å —Ö–æ—Ç–µ–ª —É—Ç–æ—á–Ω–∏—Ç—å –≤–æ–ø—Ä–æ—Å, –≤—ã —Ç–∞–∫ –∏ –Ω–µ –æ—Ç–≤–µ—Ç–∏–ª–∏, –≤—ã‚Ä¶ –°–µ–π—á–∞—Å, —Å–µ–π—á–∞—Å, —Å–µ–π—á–∞—Å, —è –æ—Ç–∫—Ä—ã–≤–∞—é –ø–µ—Ä–µ–ø–∏—Å–∫—É. –í—ã, –∑–Ω–∞—á–∏—Ç, —Å—É–ø–ø–æ—Ä—Ç–∞ —Å—Ç–∞–≤–∏—Ç–µ –¶–°–ï–† ¬´–¢–æ–π–æ—Ç—ã¬ª, –ø—Ä–∞–≤–∏–ª—å–Ω–æ? –î–∞, –¥–∞, –¥–∞, –≤—Å–µ –≤–µ—Ä–Ω–æ. –ù–∞–≤–µ—Ä–Ω–æ–µ, ¬´–°—É–±–∞—Ä—É¬ª ¬´–õ–µ–≥–∞—Å–∏¬ª. –í—Å–µ –≤–µ—Ä–Ω–æ. –í–æ—Ç, –∏ —è –≤–æ—Ç —Ö–æ—Ç–µ–ª —É—Ç–æ—á–Ω–∏—Ç—å, –∞ —à—Ç–∞—Ç–Ω—ã–µ —à–ª–∞–Ω–≥–∏ –≤—Å—Ç–∞–Ω—É—Ç –Ω–∞ —ç—Ç–∏ –Ω–æ–≤—ã–µ —Å—É–ø–ø–æ—Ä—Ç–∞, –∏–ª–∏ —Ç–∞–º –Ω—É–∂–Ω—ã –¥—Ä—É–≥–∏–µ —Ñ–∏—Ç–∏–Ω–≥–∏ –∫–∞–∫–∏–µ-—Ç–æ? –ê, –≤—Å—Ç–∞–Ω—É—Ç. –í—Å—Ç–∞–Ω—É—Ç, –¥–∞, —Ç–æ –µ—Å—Ç—å —Å—Ç–∞–Ω–¥–∞—Ä—Ç–Ω—ã–µ –≤–æ—Ç –æ—Ç ¬´–õ–µ–≥–∞—Å–∏¬ª –≤—Å—Ç–∞—é—Ç? –î–∞, —à—Ç–∞—Ç–Ω—ã–µ –≤—Å—Ç–∞—é—Ç —Ç—É–¥–∞. –£–≥—É, —Ç–æ –µ—Å—Ç—å, —Ç–∞–∫, —É –≤–∞—Å –µ—Å—Ç—å –ø–æ–ª–Ω—ã–π –Ω–æ–º–µ—Ä –∫—É–∑–æ–≤–∞ –∏–ª–∏ –≤–∏–Ω–Ω–æ–º–µ—Ä –≤–∞—à–µ–≥–æ –∞–≤—Ç–æ–º–æ–±–∏–ª—è? –î–∞, –∫–æ–Ω–µ—á–Ω–æ. –î–∞, —É –Ω–∞—Å –ø–µ—Ä–µ–ø–∏—Å–∫–∞ –µ—Å—Ç—å, —è –≤–∞–º –¥–∞–≤–∞–π—Ç–µ —Å–µ–π—á–∞—Å –µ—â–µ –Ω–∞–ø–∏—à—É. –î–∞, –µ—Å–ª–∏ –Ω–µ—Å–ª–æ–∂–Ω–æ, –¥–∞, –≤–æ—Ç —Ç–∞–∫ –º–Ω–µ —á—Ç–æ-–Ω–∏–±—É–¥—å –ø—Ä–∏—à–ª–∏—Ç–µ, —è –≤–∞–º –≤–∏–Ω –ø—Ä–∏—à–ª—é —Å–≤–æ–µ–≥–æ. –í–æ—Ç, —Ç–æ –µ—Å—Ç—å –¥–µ–ª–∞—Ç—å –±—É–¥–µ–º –ø–æ –≤–∏–Ω—É? –•–æ—Ä–æ—à–æ, –¥–∞. –¢–∞–∫, –±–µ–∑ –∏–∑–º–µ–Ω–µ–Ω–∏–π, –±–µ–∑ –≤—Å–µ–≥–æ –Ω–∏—á–µ–≥–æ –Ω–µ –Ω—É–∂–Ω–æ, —Ç–∞–º, —É–¥–ª–∏–Ω—è—Ç—å, —Ñ–∏—Ç–∏–Ω–≥ –º–µ–Ω—è—Ç—å, –≤—Å–µ –¥–µ–ª–∞–µ–º –ø—Ä—è–º–æ –∫–∞–∫ –ø–æ –≤–∞—à–µ–º—É –≤–∏–Ω—É, –¥–∞? –î–∞, –¥–∞, –¥–∞. –í—Å–µ, –±–µ–∑ –ø—Ä–æ–±–ª–µ–º, —Å–¥–µ–ª–∞–µ–º —Ç–∞–∫ —Ç–æ–≥–¥–∞, –Ω—É, —Å–º–æ—Ç—Ä–∏—Ç–µ, —Å–µ–π—á–∞—Å –º—ã —Å –≤–∞–º–∏ —Å—Ñ–æ—Ç–æ–≥—Ä–∞—Ñ–∏—Ä–æ–≤–æ—á–Ω–æ, –Ω—É, –Ω–∞–≤–µ—Ä–Ω–æ–µ, –∫—Ä–∞–π –≤ –ø–æ–Ω–µ–¥–µ–ª—å–Ω–∏–∫, –ø—Ä–æ—Å—Ç–æ –º—ã –≤—ã—Ö–æ–¥–Ω—ã–µ –Ω–µ —Ä–∞–±–æ—Ç–∞–µ–º, –±—É–¥–µ—Ç –≥–æ—Ç–æ–≤, —Ç–æ –µ—Å—Ç—å —É –Ω–∞—Å –ø—Ä–æ–∏–∑–≤–æ–¥—Å—Ç–≤–æ 1-3 –¥–Ω—è, —Å–µ–π—á–∞—Å —É –Ω–∞—Å –±–æ–ª—å—à–∞—è –∑–∞–≥—Ä—É–∂–µ–Ω–Ω–æ—Å—Ç—å, –æ—á–µ–Ω—å –º–Ω–æ–≥–æ –∑–∞–∫–∞–∑–æ–≤. –•–æ—Ä–æ—à–æ. –î–∞, –ø–æ—ç—Ç–æ–º—É, —Å–∫–æ—Ä–µ–µ –≤—Å–µ–≥–æ, –≤ –ø–æ–Ω–µ–¥–µ–ª—å–Ω–∏–∫ –±—É–¥–µ—Ç –≥–æ—Ç–æ–≤ –≤–∞—à –∑–∞–∫–∞–∑, –∏ —Ç–∞–º, —è –Ω–∞–¥–µ—é—Å—å, —á—Ç–æ –∏–∑ –î–≠–ö, —Ç–∞–∫ —Å–∫–∞–∑–∞—Ç—å, —Ä–µ–∞–±–∏–ª–∏—Ç–∏—Ä—É–µ—Ç—Å—è. –î–∞, —è —Ç–æ–∂–µ –Ω–∞–¥–µ—é—Å—å, —É –º–µ–Ω—è —Ç–∞–º –∑–∞–≤–∏—Å–ª–∏ –ø–æ —Å—Å—ã–ª–æ—á–∫–µ, –∞–≥–∞. –î–∞, —É –≤—Å–µ—Ö, –¥–∞, —Å–µ–π—á–∞—Å –º—ã —Å –Ω–∏–º–∏ —Ä–∞–±–æ—Ç–∞–µ–º –Ω–∞ –¥–æ–≥–æ–≤–æ—Ä–Ω–æ–π –æ—Å–Ω–æ–≤–µ, –∏ –ø–æ—ç—Ç–æ–º—É –º—ã —Ç–∞–º –º–∞—Å—Å–æ–≤–æ, —Ç–æ –µ—Å—Ç—å —Ç–∞–º, –≤ –¥–µ–Ω—å –ø–æ—Å—ã–ª–æ–∫ –ø–æ 20 –æ—Ç–ø—Ä–∞–≤–ª—è–µ–º, –∏ —É –Ω–∞—Å —Ç–æ–∂–µ —Å–µ–π—á–∞—Å –∫–ª–∏–µ–Ω—Ç—ã –∑–≤–æ–Ω—è—Ç, –Ω—É, –∫–æ–Ω–µ—á–Ω–æ. –ü–æ–Ω—è—Ç–Ω–æ. –ê –º—ã –Ω–∏—á–µ–≥–æ –Ω–µ –º–æ–∂–µ–º —Å–¥–µ–ª–∞—Ç—å, –æ—á–µ–Ω—å —Ç–∞–∫–∞—è —Å–∏—Ç—É–∞—Ü–∏—è –Ω–µ–ø—Ä–∏—è—Ç–Ω–∞—è. –í –æ–±—â–µ–º, –≤—Å–µ —Ç–æ–≥–¥–∞, –í–∏—Ç–∞–ª–∏–π, –∂–¥—É –æ—Ç –≤–∞—Å —Ç–æ–≥–¥–∞ –≤–∏–Ω–Ω–æ–º–µ—Ä –∏–ª–∏ –ø–æ–ª—É–Ω–æ–º–µ—Ä –ö—É–∑–æ–≤–∞, –Ω—É, –∏ –≤—Å–µ, –∑–∞–ø—É—Å–∫–∞—é –≤ —Ä–∞–±–æ—Ç—É —Ç–æ–≥–¥–∞ –≤–∞—à –∑–∞–∫–∞–∑. –í–æ—Ç. –í—Å–µ, —Ö–æ—Ä–æ—à–æ. –ò –∫–∞–∫ –ø–æ–¥–≥–æ—Ç–æ–≤–∫–∏ —è –≤–∞–º –æ—Ç–ø–∏—à—É, –∏ —Ç–∞–º —É–∂–µ —Ä–µ—à–∏–º –ø–æ –¥–æ—Å—Ç–∞–≤–æ—á–∫–µ, –∫–∞–∫, —á—Ç–æ –±—É–¥–µ—Ç. –•–æ—Ä–æ—à–æ, –¥–∞, –¥–æ–≥–æ–≤–æ—Ä–∏–ª–∏—Å—å. –í—Å–µ, –Ω–∞ —Å–≤—è–∑–∏ —Ç–æ–≥–¥–∞, —Ö–æ—Ä–æ—à–µ–≥–æ –¥–Ω—è. –í—Å–µ–≥–æ –¥–æ–±—Ä–æ–≥–æ. 
","–ù–∞ –æ—Å–Ω–æ–≤–∞–Ω–∏–∏ –ø—Ä–µ–¥–æ—Å—Ç–∞–≤–ª–µ–Ω–Ω–æ–≥–æ –¥–∏–∞–ª–æ–≥–∞ –º–æ–∂–Ω–æ –≤—ã–¥–µ–ª–∏—Ç—å —Ç—Ä–∏ –æ—Å–Ω–æ–≤–Ω—ã—Ö —Å–æ–º–Ω–µ–Ω–∏—è –∫–ª–∏–µ–Ω—Ç–∞:

1. **–°–æ–º–Ω–µ–Ω–∏–µ –ø–æ –ø–æ–≤–æ–¥—É –¥–æ—Å—Ç–∞–≤–∫–∏:**
   –ö–ª–∏–µ–Ω—Ç –æ–±–µ—Å–ø–æ–∫–æ–µ–Ω —Ç–µ–º, —á—Ç–æ –Ω–∞ —Å–∞–π—Ç–µ —É–∫–∞–∑–∞–Ω–æ –æ—Ç—Å—É—Ç—Å—Ç–≤–∏–µ —Å–∞–º–æ–≤—ã–≤–æ–∑–∞ –≤ –û–º—Å–∫–µ, –∞ —Ç–∞–∫–∂–µ –Ω–µ—Å—Ç–∞–±–∏–ª—å–Ω–æ–π —Ä–∞–±–æ—Ç–æ–π —Ç—Ä–∞–Ω—Å–ø–æ—Ä—Ç–Ω–æ–π –∫–æ–º–ø–∞–Ω–∏–∏ ¬´–°–î–≠–ö¬ª. –û–Ω —É—Ç–æ—á–Ω—è–µ—Ç, –≤–æ–∑–º–æ–∂–Ω–∞ –ª–∏ –æ—Ç–ø—Ä–∞–≤–∫–∞ –¥—Ä—É–≥–æ–π —Ç—Ä–∞–Ω—Å–ø–æ—Ä—Ç–Ω–æ–π –∫–æ–º–ø–∞–Ω–∏–µ–π –∏ –≤—ã—Ä–∞–∂–∞–µ—Ç –æ–±–µ—Å–ø–æ–∫–æ–µ–Ω–Ω–æ—Å—Ç—å –∑–∞–¥–µ—Ä–∂–∫–∞–º–∏ –∏ —Ç–µ—Ö–Ω–∏—á–µ—Å–∫–∏–º–∏ –ø—Ä–æ–±–ª–µ–º–∞–º–∏ —Å –∞–ª—å—Ç–µ—Ä–Ω–∞—Ç–∏–≤–Ω—ã–º–∏ —Å–ª—É–∂–±–∞–º–∏ –¥–æ—Å—Ç–∞–≤–∫–∏ (¬´–ë–æ–∫—Å–±–µ—Ä–∏¬ª, ¬´–Ø–Ω–¥–µ–∫—Å.–î–æ—Å—Ç–∞–≤–∫–∞¬ª).

   üîç *–ß—Ç–æ –±–µ—Å–ø–æ–∫–æ–∏—Ç –∫–ª–∏–µ–Ω—Ç–∞:* –ü–æ–ª—É—á–∏—Ç –ª–∏ –æ–Ω –∑–∞–∫–∞–∑ –≤–æ–≤—Ä–µ–º—è –∏ –∫–∞–∫–∏–º —Å–ø–æ—Å–æ–±–æ–º –±—É–¥–µ—Ç –æ—Å—É—â–µ—Å—Ç–≤–ª–µ–Ω–∞ –¥–æ—Å—Ç–∞–≤–∫–∞.

2. **–°–æ–º–Ω–µ–Ω–∏–µ –ø–æ —Å–æ–≤–º–µ—Å—Ç–∏–º–æ—Å—Ç–∏ –¥–µ—Ç–∞–ª–µ–π:**
   –ö–ª–∏–µ–Ω—Ç —É—Ç–æ—á–Ω—è–µ—Ç, –ø–æ–¥–æ–π–¥—É—Ç –ª–∏ —à—Ç–∞—Ç–Ω—ã–µ —Ç–æ—Ä–º–æ–∑–Ω—ã–µ —à–ª–∞–Ω–≥–∏ –æ—Ç Subaru Legacy –∫ —É—Å—Ç–∞–Ω–∞–≤–ª–∏–≤–∞–µ–º—ã–º —Å—É–ø–ø–æ—Ä—Ç–∞–º –æ—Ç Toyota Celsior. –û–Ω —Ö–æ—á–µ—Ç –±—ã—Ç—å —É–≤–µ—Ä–µ–Ω–Ω—ã–º, —á—Ç–æ –Ω–µ –ø–æ—Ç—Ä–µ–±—É—é—Ç—Å—è –¥–æ–ø–æ–ª–Ω–∏—Ç–µ–ª—å–Ω—ã–µ –¥–æ—Ä–∞–±–æ—Ç–∫–∏ ‚Äî –∑–∞–º–µ–Ω–∞ —Ñ–∏—Ç–∏–Ω–≥–æ–≤, —É–¥–ª–∏–Ω–µ–Ω–∏–µ —à–ª–∞–Ω–≥–æ–≤ –∏ —Ç.–¥.

   üîç *–ß—Ç–æ –±–µ—Å–ø–æ–∫–æ–∏—Ç –∫–ª–∏–µ–Ω—Ç–∞:* –ù–µ –≤–æ–∑–Ω–∏–∫–Ω—É—Ç –ª–∏ –¥–æ–ø–æ–ª–Ω–∏—Ç–µ–ª—å–Ω—ã–µ —Ç–µ—Ö–Ω–∏—á–µ—Å–∫–∏–µ —Å–ª–æ–∂–Ω–æ—Å—Ç–∏ –ø—Ä–∏ —É—Å—Ç–∞–Ω–æ–≤–∫–µ.

3. **–°–æ–º–Ω–µ–Ω–∏–µ –ø–æ —Å—Ä–æ–∫–∞–º –∏–∑–≥–æ—Ç–æ–≤–ª–µ–Ω–∏—è:**
   –ö–ª–∏–µ–Ω—Ç –ø–æ–ª—É—á–∞–µ—Ç –∏–Ω—Ñ–æ—Ä–º–∞—Ü–∏—é, —á—Ç–æ –∑–∞–∫–∞–∑ –±—É–¥–µ—Ç –≥–æ—Ç–æ–≤ –æ—Ä–∏–µ–Ω—Ç–∏—Ä–æ–≤–æ—á–Ω–æ –≤ –ø–æ–Ω–µ–¥–µ–ª—å–Ω–∏–∫, —Ç–∞–∫ –∫–∞–∫ –µ—Å—Ç—å –≤—ã—Å–æ–∫–∞—è –∑–∞–≥—Ä—É–∂–µ–Ω–Ω–æ—Å—Ç—å –ø—Ä–æ–∏–∑–≤–æ–¥—Å—Ç–≤–∞ –∏ –≤—ã—Ö–æ–¥–Ω—ã–µ –¥–Ω–∏. –≠—Ç–æ –º–æ–∂–µ—Ç –≤—ã–∑—ã–≤–∞—Ç—å —Å–æ–º–Ω–µ–Ω–∏–µ –≤ —Å–æ–±–ª—é–¥–µ–Ω–∏–∏ —Å—Ä–æ–∫–æ–≤, –æ—Å–æ–±–µ–Ω–Ω–æ —Å —É—á–µ—Ç–æ–º —É–∂–µ —Å—É—â–µ—Å—Ç–≤—É—é—â–∏—Ö –ø—Ä–æ–±–ª–µ–º —Å –¥–æ—Å—Ç–∞–≤–∫–æ–π.

   üîç *–ß—Ç–æ –±–µ—Å–ø–æ–∫–æ–∏—Ç –∫–ª–∏–µ–Ω—Ç–∞:* –ù–µ –∑–∞—Ç—è–Ω–µ—Ç—Å—è –ª–∏ –ø—Ä–æ—Ü–µ—Å—Å –∏–∑–≥–æ—Ç–æ–≤–ª–µ–Ω–∏—è –∏ –æ—Ç–ø—Ä–∞–≤–∫–∏ –∑–∞–∫–∞–∑–∞.

üìå –†–µ–∫–æ–º–µ–Ω–¥–∞—Ü–∏–∏:
- –£—Ç–æ—á–Ω–∏—Ç—å –∏ –ø–æ–¥—Ç–≤–µ—Ä–¥–∏—Ç—å –∫–ª–∏–µ–Ω—Ç—É –≤—ã–±—Ä–∞–Ω–Ω—ã–π —Å–ø–æ—Å–æ–± –¥–æ—Å—Ç–∞–≤–∫–∏, –ø—Ä–µ–¥–ª–æ–∂–∏–≤ –Ω–µ—Å–∫–æ–ª—å–∫–æ –Ω–∞–¥–µ–∂–Ω—ã—Ö –∞–ª—å—Ç–µ—Ä–Ω–∞—Ç–∏–≤.
- –ü–æ–¥—Ç–≤–µ—Ä–¥–∏—Ç—å —Ç–µ—Ö–Ω–∏—á–µ—Å–∫—É—é —Å–æ–≤–º–µ—Å—Ç–∏–º–æ—Å—Ç—å –¥–µ—Ç–∞–ª–µ–π —Å VIN-–Ω–æ–º–µ—Ä–æ–º –∫–ª–∏–µ–Ω—Ç–∞.
- –î–µ—Ä–∂–∞—Ç—å –∫–ª–∏–µ–Ω—Ç–∞ –≤ –∫—É—Ä—Å–µ —Å—Ç–∞—Ç—É—Å–∞ –∑–∞–∫–∞–∑–∞, —á—Ç–æ–±—ã —Å–Ω–∏–∑–∏—Ç—å —Ç—Ä–µ–≤–æ–∂–Ω–æ—Å—Ç—å –ø–æ —Å—Ä–æ–∫–∞–º.","–í–æ—Ç —Ç—Ä–∏ –∫–ª—é—á–µ–≤—ã—Ö —É–ª—É—á—à–µ–Ω–∏—è, –∫–æ—Ç–æ—Ä—ã–µ –ø–æ–º–æ–≥—É—Ç –∫–æ–º–ø–∞–Ω–∏–∏ –ø–æ–≤—ã—Å–∏—Ç—å –¥–æ–≤–µ—Ä–∏–µ –∫–ª–∏–µ–Ω—Ç–æ–≤ –∏ —É–≤–µ–ª–∏—á–∏—Ç—å –ø—Ä–æ–¥–∞–∂–∏:

1. –£–ª—É—á—à–µ–Ω–∏–µ –ª–æ–≥–∏—Å—Ç–∏–∫–∏ –∏ —Ä–∞—Å—à–∏—Ä–µ–Ω–∏–µ –≤–∞—Ä–∏–∞–Ω—Ç–æ–≤ –¥–æ—Å—Ç–∞–≤–∫–∏

–ü—Ä–æ–±–ª–µ–º–∞: –ö–ª–∏–µ–Ω—Ç—ã –æ–±–µ—Å–ø–æ–∫–æ–µ–Ω—ã –æ–≥—Ä–∞–Ω–∏—á–µ–Ω–Ω—ã–º –≤—ã–±–æ—Ä–æ–º —Å–ø–æ—Å–æ–±–æ–≤ –¥–æ—Å—Ç–∞–≤–∫–∏ –∏ –Ω–µ—Å—Ç–∞–±–∏–ª—å–Ω–æ–π —Ä–∞–±–æ—Ç–æ–π –æ—Ç–¥–µ–ª—å–Ω—ã—Ö —Ç—Ä–∞–Ω—Å–ø–æ—Ä—Ç–Ω—ã—Ö –∫–æ–º–ø–∞–Ω–∏–π.

–†–µ—à–µ–Ω–∏—è:

- –ó–∞–∫–ª—é—á–∏—Ç—å –ø–∞—Ä—Ç–Ω—ë—Ä—Å—Ç–≤–∞ —Å –Ω–µ—Å–∫–æ–ª—å–∫–∏–º–∏ –Ω–∞–¥—ë–∂–Ω—ã–º–∏ —Å–ª—É–∂–±–∞–º–∏ –¥–æ—Å—Ç–∞–≤–∫–∏ (–Ω–∞–ø—Ä–∏–º–µ—Ä, DPD, –ü–æ—á—Ç–∞ –†–æ—Å—Å–∏–∏, –°–î–≠–ö, Boxberry, –Ø–Ω–¥–µ–∫—Å.–î–æ—Å—Ç–∞–≤–∫–∞) –∏ –¥–∞—Ç—å –∫–ª–∏–µ–Ω—Ç—É –≤–æ–∑–º–æ–∂–Ω–æ—Å—Ç—å –≤—ã–±–∏—Ä–∞—Ç—å –ø–æ–¥—Ö–æ–¥—è—â–∏–π —Å–ø–æ—Å–æ–± –ø—Ä–∏ –æ—Ñ–æ—Ä–º–ª–µ–Ω–∏–∏ –∑–∞–∫–∞–∑–∞.
- –°–æ–∑–¥–∞—Ç—å –Ω–∞ —Å–∞–π—Ç–µ —Ä–∞–∑–¥–µ–ª —Å –∞–∫—Ç—É–∞–ª—å–Ω–æ–π –∏–Ω—Ñ–æ—Ä–º–∞—Ü–∏–µ–π –æ —Å—Ä–æ–∫–∞—Ö –∏ –∫–∞—á–µ—Å—Ç–≤–µ –¥–æ—Å—Ç–∞–≤–∫–∏ –ø–æ —Ä–µ–≥–∏–æ–Ω–∞–º, –≤–∫–ª—é—á–∞—è –æ—Ç–∑—ã–≤—ã –∫–ª–∏–µ–Ω—Ç–æ–≤.
- –í–Ω–µ–¥—Ä–∏—Ç—å —Å–∏—Å—Ç–µ–º—É –æ—Ç—Å–ª–µ–∂–∏–≤–∞–Ω–∏—è –∑–∞–∫–∞–∑–∞ –≤ –ª–∏—á–Ω–æ–º –∫–∞–±–∏–Ω–µ—Ç–µ –∏–ª–∏ —á–µ—Ä–µ–∑ SMS/–ø–æ—á—Ç—É, —á—Ç–æ–±—ã –∫–ª–∏–µ–Ω—Ç –≤—Å–µ–≥–¥–∞ –∑–Ω–∞–ª, –≥–¥–µ –Ω–∞—Ö–æ–¥–∏—Ç—Å—è –µ–≥–æ –ø–æ—Å—ã–ª–∫–∞.

–ü—Ä–µ–∏–º—É—â–µ—Å—Ç–≤–∞: –ü–æ–≤—ã—à–∞–µ—Ç—Å—è –¥–æ–≤–µ—Ä–∏–µ –∫ –∫–æ–º–ø–∞–Ω–∏–∏, —Å–Ω–∏–∂–∞–µ—Ç—Å—è —É—Ä–æ–≤–µ–Ω—å –æ—Ç–∫–∞–∑–æ–≤ –∏ —Å–æ–º–Ω–µ–Ω–∏–π –ø—Ä–∏ –æ—Ñ–æ—Ä–º–ª–µ–Ω–∏–∏ –∑–∞–∫–∞–∑–∞.

2. –ö–æ–Ω—Å—É–ª—å—Ç–∞—Ü–∏–∏ –ø–æ —Å–æ–≤–º–µ—Å—Ç–∏–º–æ—Å—Ç–∏ –¥–µ—Ç–∞–ª–µ–π –∏ –ø–æ–¥–±–æ—Ä—É –ø–æ VIN

–ü—Ä–æ–±–ª–µ–º–∞: –ö–ª–∏–µ–Ω—Ç—ã –Ω–µ —É–≤–µ—Ä–µ–Ω—ã, –ø–æ–¥–æ–π–¥—É—Ç –ª–∏ –∑–∞–ø—á–∞—Å—Ç–∏, —á—Ç–æ –º–µ—à–∞–µ—Ç –ø—Ä–∏–Ω—è—Ç–∏—é —Ä–µ—à–µ–Ω–∏—è –æ –ø–æ–∫—É–ø–∫–µ.

–†–µ—à–µ–Ω–∏—è:

- –í–Ω–µ–¥—Ä–∏—Ç—å –Ω–∞ —Å–∞–π—Ç–µ —Ñ–æ—Ä–º—É –¥–ª—è –≤–≤–æ–¥–∞ VIN-–Ω–æ–º–µ—Ä–∞, —Å –ø–æ–º–æ—â—å—é –∫–æ—Ç–æ—Ä–æ–π –º–æ–∂–Ω–æ –ø—Ä–æ–≤–µ—Ä–∏—Ç—å —Å–æ–≤–º–µ—Å—Ç–∏–º–æ—Å—Ç—å –¥–µ—Ç–∞–ª–µ–π.
- –û–±—É—á–∏—Ç—å –º–µ–Ω–µ–¥–∂–µ—Ä–æ–≤ –∏–ª–∏ –Ω–∞–Ω—è—Ç—å —Ç–µ—Ö–Ω–∏—á–µ—Å–∫–æ–≥–æ —Å–ø–µ—Ü–∏–∞–ª–∏—Å—Ç–∞, –∫–æ—Ç–æ—Ä—ã–π –æ–ø–µ—Ä–∞—Ç–∏–≤–Ω–æ –∫–æ–Ω—Å—É–ª—å—Ç–∏—Ä—É–µ—Ç –ø–æ –≤–æ–ø—Ä–æ—Å–∞–º —É—Å—Ç–∞–Ω–æ–≤–∫–∏ –∏ –ø–æ–¥–±–æ—Ä–∞.
- –°–æ–∑–¥–∞—Ç—å –±–∞–∑—É –∑–Ω–∞–Ω–∏–π/FAQ —Å —Ç–∏–ø–æ–≤—ã–º–∏ –≤–æ–ø—Ä–æ—Å–∞–º–∏ –ø–æ —Å–æ–≤–º–µ—Å—Ç–∏–º–æ—Å—Ç–∏ –ø–æ–ø—É–ª—è—Ä–Ω—ã—Ö –º–æ–¥–µ–ª–µ–π –∏ —Ä–µ—à–µ–Ω–∏–π.

–ü—Ä–µ–∏–º—É—â–µ—Å—Ç–≤–∞: –°–Ω–∏–∂–∞–µ—Ç—Å—è —Å—Ç—Ä–∞—Ö –ø–æ–∫—É–ø–∫–∏ –Ω–µ–ø–æ–¥—Ö–æ–¥—è—â–∏—Ö –¥–µ—Ç–∞–ª–µ–π, –ø–æ–≤—ã—à–∞–µ—Ç—Å—è —É—Ä–æ–≤–µ–Ω—å –ø—Ä–æ—Ñ–µ—Å—Å–∏–æ–Ω–∞–ª–∏–∑–º–∞ –∫–æ–º–ø–∞–Ω–∏–∏ –≤ –≥–ª–∞–∑–∞—Ö –∫–ª–∏–µ–Ω—Ç–∞.

3. –ü–æ–≤—ã—à–µ–Ω–∏–µ –ø—Ä–æ–∑—Ä–∞—á–Ω–æ—Å—Ç–∏ —Å—Ä–æ–∫–æ–≤ –∏–∑–≥–æ—Ç–æ–≤–ª–µ–Ω–∏—è –∏ –∫–æ–º–º—É–Ω–∏–∫–∞—Ü–∏–∏

–ü—Ä–æ–±–ª–µ–º–∞: –ö–ª–∏–µ–Ω—Ç—ã –ø–µ—Ä–µ–∂–∏–≤–∞—é—Ç, —á—Ç–æ —Å—Ä–æ–∫–∏ –∏–∑–≥–æ—Ç–æ–≤–ª–µ–Ω–∏—è –∏ –æ—Ç–ø—Ä–∞–≤–∫–∏ –º–æ–≥—É—Ç –∑–∞—Ç—è–Ω—É—Ç—å—Å—è.

–†–µ—à–µ–Ω–∏—è:

- –ê–≤—Ç–æ–º–∞—Ç–∏–∑–∏—Ä–æ–≤–∞—Ç—å –∏–Ω—Ñ–æ—Ä–º–∏—Ä–æ–≤–∞–Ω–∏–µ –æ —Å—Ç–∞—Ç—É—Å–µ –∑–∞–∫–∞–∑–∞ (–Ω–∞–ø—Ä–∏–º–µ—Ä, ¬´–í –ø—Ä–æ–∏–∑–≤–æ–¥—Å—Ç–≤–µ¬ª, ¬´–ì–æ—Ç–æ–≤ –∫ –æ—Ç–ø—Ä–∞–≤–∫–µ¬ª, ¬´–ü–µ—Ä–µ–¥–∞–Ω –≤ –¥–æ—Å—Ç–∞–≤–∫—É¬ª).
- –£–∫–∞–∑—ã–≤–∞—Ç—å –Ω–∞ —Å–∞–π—Ç–µ –∏–ª–∏ –≤ –∫–∞—Ä—Ç–æ—á–∫–µ —Ç–æ–≤–∞—Ä–∞ —Ä–µ–∞–ª—å–Ω—ã–µ —Å—Ä–æ–∫–∏ –∏–∑–≥–æ—Ç–æ–≤–ª–µ–Ω–∏—è, –æ–±–Ω–æ–≤–ª—è–µ–º—ã–µ –≤ –∑–∞–≤–∏—Å–∏–º–æ—Å—Ç–∏ –æ—Ç –∑–∞–≥—Ä—É–∑–∫–∏ –ø—Ä–æ–∏–∑–≤–æ–¥—Å—Ç–≤–∞.
- –í —Å–ª—É—á–∞–µ –∑–∞–¥–µ—Ä–∂–µ–∫ ‚Äî –ø—Ä–æ–∞–∫—Ç–∏–≤–Ω–æ –∏–Ω—Ñ–æ—Ä–º–∏—Ä–æ–≤–∞—Ç—å –∫–ª–∏–µ–Ω—Ç–∞ –∏ –ø—Ä–µ–¥–ª–∞–≥–∞—Ç—å –±–æ–Ω—É—Å/—Å–∫–∏–¥–∫—É/–ø–æ–¥–∞—Ä–æ–∫ –∑–∞ –æ–∂–∏–¥–∞–Ω–∏–µ.

–ü—Ä–µ–∏–º—É—â–µ—Å—Ç–≤–∞: –ü–æ–≤—ã—à–∞–µ—Ç—Å—è –ª–æ—è–ª—å–Ω–æ—Å—Ç—å –∫–ª–∏–µ–Ω—Ç–æ–≤, —Å–Ω–∏–∂–∞–µ—Ç—Å—è –∫–æ–ª–∏—á–µ—Å—Ç–≤–æ –Ω–µ–≥–∞—Ç–∏–≤–Ω—ã—Ö –æ—Ç–∑—ã–≤–æ–≤ –∏ –æ—Ç–º–µ–Ω –∑–∞–∫–∞–∑–æ–≤.

–í–Ω–µ–¥—Ä–µ–Ω–∏–µ —ç—Ç–∏—Ö —É–ª—É—á—à–µ–Ω–∏–π –ø–æ–º–æ–∂–µ—Ç —É–∫—Ä–µ–ø–∏—Ç—å –¥–æ–≤–µ—Ä–∏–µ –∫–ª–∏–µ–Ω—Ç–æ–≤, —É–ø—Ä–æ—Å—Ç–∏—Ç—å –ø—Ä–æ—Ü–µ—Å—Å –ø–æ–∫—É–ø–∫–∏ –∏ —É–≤–µ–ª–∏—á–∏—Ç—å –ø–æ–≤—Ç–æ—Ä–Ω—ã–µ –∑–∞–∫–∞–∑—ã.",1387,943
2025-06-09T08:41:23.000Z,"–ê–ª–ª–æ, –¥–æ–±—Ä—ã–π –¥–µ–Ω—å, –∫–æ–º–ø–∞–Ω–∏—è –•—ç–ª–º–∏, –ï–∫–∞—Ç–µ—Ä–∏–Ω–∞ –∑–æ–≤—É—Ç, —Å–ª—É—à–∞—é –í–∞—Å. –î–æ–±—Ä—ã–π –¥–µ–Ω—å, –ø–æ–¥—Å–∫–∞–∂–∏—Ç–µ, –ø–æ–∂–∞–ª—É–π—Å—Ç–∞, —É –í–∞—Å –ø–æ —Ñ–∞–∫—Ç—É –º–æ–∂–Ω–æ –∏–∑–≥–æ—Ç–æ–≤–∏—Ç—å —Ç–æ—Ä–º–æ–∑–Ω—ã–µ —à–ª–∞–Ω–≥–∏? –ì–¥–µ –∏–∑–≥–æ—Ç–æ–≤–∏—Ç—å? –ü–æ —Ñ–∞–∫—Ç—É. –ê, –ø–æ —Ñ–∞–∫—Ç—É? –ê, –¥–∞, –æ–±—Ä–∞–∑–µ—Ü –ø—Ä–∏–Ω–µ—Å—Ç–∏, —á—Ç–æ–±—ã –ø–æ–¥–≥–æ—Ç–æ–≤–∏–ª–∏. –£ –í–∞—Å —á—Ç–æ –∑–∞ –æ–±—Ä–∞–∑–µ—Ü, –∫–∞–∫–∞—è —Ç–µ—Ö–Ω–∏–∫–∞? –ù–∞ –∞–≤—Ç–æ–º–æ–±–∏–ª—å. –ö–∞–∫–æ–π –∞–≤—Ç–æ–º–æ–±–∏–ª—å? Volkswagen Jetta. –ü–ª–æ—Ö–æ —Å–ª—ã—à–Ω–æ –í–∞—Å. Volkswagen –∫–∞–∫–æ–π? Volkswagen Jetta. –ü—Ä–æ–ø–∞–¥–∞–µ—Ç–µ. Volkswagen Jetta. –ê, Volkswagen Jetta. –°–º–æ—Ç—Ä–∏—Ç–µ, –∫–∞–∫ —Å—Ä–æ—á–Ω–æ –í–∞–º –Ω—É–∂–µ–Ω —à–ª–∞–Ω–≥ —Ç–∞–∫–æ–π? –ù–∞ —Å–ª–µ–¥—É—é—â–µ–π –Ω–µ–¥–µ–ª–µ, –Ω–æ –º–Ω–µ –Ω—É–∂–Ω–æ —Å–Ω–∞—á–∞–ª–∞ —Å–Ω—è—Ç—å –µ–≥–æ. –ù–æ –µ—Å–ª–∏ –Ω–∞ —Å–ª–µ–¥—É—é—â–µ–π –Ω–µ–¥–µ–ª–µ –ø—Ä–∏–µ–¥–µ—Ç–µ, —Ç–æ –±—É–¥–µ—Ç –ø–æ–ª–µ–≥—á–µ. –ú—ã –º–æ–∂–µ–º —Å–¥–µ–ª–∞—Ç—å –ø—Ä–∏ –í–∞—Å. –ü–æ—Ç–æ–º—É —á—Ç–æ —Å–µ–π—á–∞—Å –∑–∞–≥—Ä—É–∂–µ–Ω–Ω—ã–µ –¥–≤–∞ –¥–Ω—è. –ü–æ —Å—Ç–æ–∏–º–æ—Å—Ç–∏ –±—É–¥–µ—Ç –æ–¥–∏–Ω —à–ª–∞–Ω–≥ 4300. –°–Ω–∏–º–∞–π—Ç–µ, –ø—Ä–∏–≤–æ–∑–∏—Ç–µ —Å–≤–æ–π, –º—ã —Å–¥–µ–ª–∞–µ–º –ø—Ä–∏ –í–∞—Å. –ï–¥–∏–Ω—Å—Ç–≤–µ–Ω–Ω—ã–π –º–æ–º–µ–Ω—Ç, –ø—Ä–µ–¥–≤–∞—Ä–∏—Ç–µ–ª—å–Ω–æ –Ω–∞–ø–∏—à–∏—Ç–µ –∏–ª–∏ –ø–æ–∑–≤–æ–Ω–∏—Ç–µ, —è –í–∞–º —Å–µ–π—á–∞—Å –≤ WhatsApp –Ω–∞–ø–∏—à—É. –•–æ—Ä–æ—à–æ, –¥–∞–≤–∞–π—Ç–µ —è –í–∞–º –∑–∞ –¥–µ–Ω—å –ø–æ–∑–≤–æ–Ω—é –ª—É—á—à–µ, –∑–∞–ø–∏—à—É—Å—å. –•–æ—Ä–æ—à–æ, —Å–µ–π—á–∞—Å —è –í–∞–º –Ω–∞–ø–∏—à—É –≤ WhatsApp, —á—Ç–æ–±—ã –∫–æ–Ω—Ç–∞–∫—Ç –ø–æ–ª—É—á–∏–ª. –•–æ—Ä–æ—à–æ, —Å–ø–∞—Å–∏–±–æ.
","–ù–∞ –æ—Å–Ω–æ–≤–∞–Ω–∏–∏ –ø—Ä–µ–¥–æ—Å—Ç–∞–≤–ª–µ–Ω–Ω–æ–≥–æ –¥–∏–∞–ª–æ–≥–∞ –º–æ–∂–Ω–æ –≤—ã–¥–µ–ª–∏—Ç—å —Ç—Ä–∏ –æ—Å–Ω–æ–≤–Ω—ã—Ö —Å–æ–º–Ω–µ–Ω–∏—è –∫–ª–∏–µ–Ω—Ç–∞:

1. **–í–æ–∑–º–æ–∂–Ω–æ—Å—Ç—å –∏–∑–≥–æ—Ç–æ–≤–ª–µ–Ω–∏—è ¬´–ø–æ —Ñ–∞–∫—Ç—É¬ª (–Ω–∞ –º–µ—Å—Ç–µ, —Å –æ–±—Ä–∞–∑—Ü–∞):**  
   –ö–ª–∏–µ–Ω—Ç –Ω–µ—Å–∫–æ–ª—å–∫–æ —Ä–∞–∑ —É—Ç–æ—á–Ω—è–µ—Ç, –º–æ–∂–Ω–æ –ª–∏ –∏–∑–≥–æ—Ç–æ–≤–∏—Ç—å —Ç–æ—Ä–º–æ–∑–Ω–æ–π —à–ª–∞–Ω–≥ ""–ø–æ —Ñ–∞–∫—Ç—É"", —Ç–æ –µ—Å—Ç—å –ø–æ –æ–±—Ä–∞–∑—Ü—É, –∫–æ—Ç–æ—Ä—ã–π –æ–Ω –ø—Ä–∏–≤–µ–∑—ë—Ç. –≠—Ç–æ –≥–æ–≤–æ—Ä–∏—Ç –æ –µ–≥–æ —Å–æ–º–Ω–µ–Ω–∏–∏ –≤ —Ç–æ–º, —Å–ø—Ä–∞–≤–∏—Ç—Å—è –ª–∏ –∫–æ–º–ø–∞–Ω–∏—è —Å –∏–Ω–¥–∏–≤–∏–¥—É–∞–ª—å–Ω—ã–º –∑–∞–∫–∞–∑–æ–º –±–µ–∑ –∑–∞–≤–æ–¥—Å–∫–æ–≥–æ –Ω–æ–º–µ—Ä–∞ –¥–µ—Ç–∞–ª–∏. –û–Ω —Ö–æ—á–µ—Ç —É–±–µ–¥–∏—Ç—å—Å—è, —á—Ç–æ –∏–∑–≥–æ—Ç–æ–≤–ª–µ–Ω–∏–µ –≤–æ–∑–º–æ–∂–Ω–æ –ø–æ —Å–Ω—è—Ç–æ–º—É –æ–±—Ä–∞–∑—Ü—É.

2. **–°—Ä–æ–∫–∏ –∏–∑–≥–æ—Ç–æ–≤–ª–µ–Ω–∏—è:**  
   –ö–ª–∏–µ–Ω—Ç –≥–æ–≤–æ—Ä–∏—Ç, —á—Ç–æ –µ–º—É –Ω—É–∂–Ω–æ –Ω–∞ —Å–ª–µ–¥—É—é—â–µ–π –Ω–µ–¥–µ–ª–µ, –Ω–æ –ø—Ä–∏ —ç—Ç–æ–º —É—Ç–æ—á–Ω—è–µ—Ç, —á—Ç–æ —Å–Ω–∞—á–∞–ª–∞ –Ω–∞–¥–æ —Å–Ω—è—Ç—å —à–ª–∞–Ω–≥. –≠—Ç–æ –≥–æ–≤–æ—Ä–∏—Ç –æ –±–µ—Å–ø–æ–∫–æ–π—Å—Ç–≤–µ –ø–æ –ø–æ–≤–æ–¥—É —Å—Ä–æ–∫–æ–≤ ‚Äî –æ–Ω —Ö–æ—á–µ—Ç —É–±–µ–¥–∏—Ç—å—Å—è, —á—Ç–æ –∫–æ–º–ø–∞–Ω–∏—è —Å–º–æ–∂–µ—Ç –∏–∑–≥–æ—Ç–æ–≤–∏—Ç—å —à–ª–∞–Ω–≥ –æ–ø–µ—Ä–∞—Ç–∏–≤–Ω–æ, –∂–µ–ª–∞—Ç–µ–ª—å–Ω–æ –≤ –µ–≥–æ –ø—Ä–∏—Å—É—Ç—Å—Ç–≤–∏–∏. –¢–∞–∫–∂–µ –æ–Ω —Ä–µ–∞–≥–∏—Ä—É–µ—Ç –Ω–∞ –∏–Ω—Ñ–æ—Ä–º–∞—Ü–∏—é –æ –∑–∞–≥—Ä—É–∂–µ–Ω–Ω–æ—Å—Ç–∏ –∫–æ–º–ø–∞–Ω–∏–∏ –≤ –±–ª–∏–∂–∞–π—à–∏–µ –¥–≤–∞ –¥–Ω—è.

3. **–¶–µ–Ω–∞ –∏ —Å–æ–æ—Ç–≤–µ—Ç—Å—Ç–≤–∏–µ –∫–∞—á–µ—Å—Ç–≤–∞:**  
   –•–æ—Ç—è –∫–ª–∏–µ–Ω—Ç –Ω–∞–ø—Ä—è–º—É—é –Ω–µ –≤–æ–∑—Ä–∞–∂–∞–µ—Ç –ø–æ –ø–æ–≤–æ–¥—É —Å—Ç–æ–∏–º–æ—Å—Ç–∏ (4300 —Ä—É–±–ª–µ–π –∑–∞ –æ–¥–∏–Ω —à–ª–∞–Ω–≥), –æ–Ω –µ—ë –Ω–µ –∫–æ–º–º–µ–Ω—Ç–∏—Ä—É–µ—Ç. –≠—Ç–æ –º–æ–∂–µ—Ç —É–∫–∞–∑—ã–≤–∞—Ç—å –Ω–∞ –≤–Ω—É—Ç—Ä–µ–Ω–Ω–µ–µ —Å–æ–º–Ω–µ–Ω–∏–µ ‚Äî —Ü–µ–Ω–∞ –º–æ–∂–µ—Ç –ø–æ–∫–∞–∑–∞—Ç—å—Å—è –≤—ã—Å–æ–∫–æ–π, –æ—Å–æ–±–µ–Ω–Ω–æ –µ—Å–ª–∏ –æ–Ω –Ω–µ —É–≤–µ—Ä–µ–Ω –≤ –∫–∞—á–µ—Å—Ç–≤–µ –∏–∑–≥–æ—Ç–æ–≤–ª–µ–Ω–∏—è –∏–ª–∏ –≤ —Ç–æ–º, —á—Ç–æ —ç—Ç–æ —Ä–µ—à–µ–Ω–∏–µ –ª—É—á—à–µ, —á–µ–º –ø–æ–∫—É–ø–∫–∞ –æ—Ä–∏–≥–∏–Ω–∞–ª—å–Ω–æ–π –¥–µ—Ç–∞–ª–∏.  

–†–µ–∫–æ–º–µ–Ω–¥–∞—Ü–∏—è: –ø—Ä–∏ —Å–ª–µ–¥—É—é—â–µ–º –∫–æ–Ω—Ç–∞–∫—Ç–µ —Å—Ç–æ–∏—Ç –∞–∫—Ü–µ–Ω—Ç–∏—Ä–æ–≤–∞—Ç—å –≤–Ω–∏–º–∞–Ω–∏–µ –Ω–∞:

- –£–≤–µ—Ä–µ–Ω–Ω–æ—Å—Ç–∏ –≤ –∫–∞—á–µ—Å—Ç–≤–µ –∏ –Ω–∞–¥—ë–∂–Ω–æ—Å—Ç–∏ —à–ª–∞–Ω–≥–æ–≤, –∏–∑–≥–æ—Ç–æ–≤–ª–µ–Ω–Ω—ã—Ö –ø–æ –æ–±—Ä–∞–∑—Ü—É.
- –ì–∞—Ä–∞–Ω—Ç–∏–∏ –∏ —Å—Ä–æ–∫–∞—Ö –≤—ã–ø–æ–ª–Ω–µ–Ω–∏—è —Ä–∞–±–æ—Ç.
- –£—Ç–æ—á–Ω–µ–Ω–∏–∏, —á—Ç–æ —Ü–µ–Ω–∞ –≤–∫–ª—é—á–∞–µ—Ç –∏–Ω–¥–∏–≤–∏–¥—É–∞–ª—å–Ω–æ–µ –∏–∑–≥–æ—Ç–æ–≤–ª–µ–Ω–∏–µ, —Ä–∞–±–æ—Ç—É –º–∞—Å—Ç–µ—Ä–∞ –∏ –ø—Ä–æ–≤–µ—Ä–∫—É.","–í–æ—Ç —Ç—Ä–∏ —É–ª—É—á—à–µ–Ω–∏—è, –∫–æ—Ç–æ—Ä—ã–µ –ø–æ–º–æ–≥—É—Ç –∫–æ–º–ø–∞–Ω–∏–∏ —É–≤–µ–ª–∏—á–∏—Ç—å –ø—Ä–æ–¥–∞–∂–∏, –æ–ø–∏—Ä–∞—è—Å—å –Ω–∞ –≤—ã—è–≤–ª–µ–Ω–Ω—ã–µ —Å–æ–º–Ω–µ–Ω–∏—è –∫–ª–∏–µ–Ω—Ç–∞:

1.‚ÄÉ–í–Ω–µ–¥—Ä–∏—Ç—å –ø—Ä–æ–∑—Ä–∞—á–Ω—É—é –∏ —É–≤–µ—Ä–µ–Ω–Ω—É—é –∫–æ–º–º—É–Ω–∏–∫–∞—Ü–∏—é –ø–æ –∏–Ω–¥–∏–≤–∏–¥—É–∞–ª—å–Ω–æ–º—É –∏–∑–≥–æ—Ç–æ–≤–ª–µ–Ω–∏—é:

- –ß—ë—Ç–∫–æ –æ–±–æ–∑–Ω–∞—á–∏—Ç—å –Ω–∞ —Å–∞–π—Ç–µ, –≤ —Å–æ—Ü–∏–∞–ª—å–Ω—ã—Ö —Å–µ—Ç—è—Ö –∏ –ø—Ä–∏ –ø–µ—Ä–≤–æ–º –∫–æ–Ω—Ç–∞–∫—Ç–µ —Å –∫–ª–∏–µ–Ω—Ç–æ–º, —á—Ç–æ –∫–æ–º–ø–∞–Ω–∏—è —Å–ø–µ—Ü–∏–∞–ª–∏–∑–∏—Ä—É–µ—Ç—Å—è –Ω–∞ –∏–∑–≥–æ—Ç–æ–≤–ª–µ–Ω–∏–∏ —Ç–æ—Ä–º–æ–∑–Ω—ã—Ö —à–ª–∞–Ω–≥–æ–≤ –ø–æ –æ–±—Ä–∞–∑—Ü—É (¬´–ø–æ —Ñ–∞–∫—Ç—É¬ª), –¥–∞–∂–µ –±–µ–∑ –∑–∞–≤–æ–¥—Å–∫–æ–≥–æ –Ω–æ–º–µ—Ä–∞.
- –î–æ–±–∞–≤–∏—Ç—å —Ñ–æ—Ç–æ –∏ –≤–∏–¥–µ–æ –ø—Ä–æ—Ü–µ—Å—Å–∞ –∏–∑–≥–æ—Ç–æ–≤–ª–µ–Ω–∏—è, –ø—Ä–∏–º–µ—Ä—ã –≤—ã–ø–æ–ª–Ω–µ–Ω–Ω—ã—Ö –∑–∞–∫–∞–∑–æ–≤ –∏ –æ—Ç–∑—ã–≤—ã –∫–ª–∏–µ–Ω—Ç–æ–≤ ‚Äî —ç—Ç–æ –ø–æ–≤—ã—Å–∏—Ç –¥–æ–≤–µ—Ä–∏–µ.
- –û–±—É—á–∏—Ç—å —Å–æ—Ç—Ä—É–¥–Ω–∏–∫–æ–≤ —É–≤–µ—Ä–µ–Ω–Ω–æ –∏ –ø–æ–Ω—è—Ç–Ω–æ –æ–±—ä—è—Å–Ω—è—Ç—å, –∫–∞–∫ –ø—Ä–æ—Ö–æ–¥–∏—Ç –ø—Ä–æ—Ü–µ—Å—Å: –æ—Ç —Å–Ω—è—Ç–∏—è —à–ª–∞–Ω–≥–∞ –¥–æ –≥–æ—Ç–æ–≤–æ–≥–æ –∏–∑–¥–µ–ª–∏—è, —Å –∞–∫—Ü–µ–Ω—Ç–æ–º –Ω–∞ —Ç–æ—á–Ω–æ—Å—Ç—å, –±–µ–∑–æ–ø–∞—Å–Ω–æ—Å—Ç—å –∏ —Å–æ–æ—Ç–≤–µ—Ç—Å—Ç–≤–∏–µ —Å—Ç–∞–Ω–¥–∞—Ä—Ç–∞–º.

2.‚ÄÉ–û–ø—Ç–∏–º–∏–∑–∏—Ä–æ–≤–∞—Ç—å —Å—Ä–æ–∫–∏ –∏ –ø—Ä–µ–¥–ª–æ–∂–∏—Ç—å —É—Å–ª—É–≥—É ¬´—Å—Ä–æ—á–Ω–æ–≥–æ –∏–∑–≥–æ—Ç–æ–≤–ª–µ–Ω–∏—è¬ª:

- –í–≤–µ—Å—Ç–∏ —É—Å–ª—É–≥—É ¬´–∏–∑–≥–æ—Ç–æ–≤–ª–µ–Ω–∏–µ –≤ –¥–µ–Ω—å –æ–±—Ä–∞—â–µ–Ω–∏—è¬ª (–Ω–∞–ø—Ä–∏–º–µ—Ä, –∑–∞ –¥–æ–ø–æ–ª–Ω–∏—Ç–µ–ª—å–Ω—É—é –ø–ª–∞—Ç—É –∏–ª–∏ –ø–æ –ø—Ä–µ–¥–≤–∞—Ä–∏—Ç–µ–ª—å–Ω–æ–π –∑–∞–ø–∏—Å–∏) ‚Äî —ç—Ç–æ —Å–Ω–∏–º–µ—Ç –æ–ø–∞—Å–µ–Ω–∏—è –ø–æ —Å—Ä–æ–∫–∞–º.
- –ü—Ä–µ–¥–ª–æ–∂–∏—Ç—å –∫–ª–∏–µ–Ω—Ç—É —É–¥–æ–±–Ω—ã–π —Ñ–æ—Ä–º–∞—Ç: –Ω–∞–ø—Ä–∏–º–µ—Ä, ¬´–æ—Å—Ç–∞–≤—å—Ç–µ –∞–≤—Ç–æ–º–æ–±–∏–ª—å –Ω–∞ 2‚Äì3 —á–∞—Å–∞, –∏ –≤—ã –ø–æ–ª—É—á–∏—Ç–µ –≥–æ—Ç–æ–≤—ã–π —à–ª–∞–Ω–≥¬ª, –∏–ª–∏ ¬´–ø—Ä–∏–µ–∑–∂–∞–π—Ç–µ —Å —É—Ç—Ä–∞ ‚Äî –∑–∞–±–µ—Ä—ë—Ç–µ –∫ –æ–±–µ–¥—É¬ª.
- –í–Ω–µ–¥—Ä–∏—Ç—å —Å–∏—Å—Ç–µ–º—É –ø—Ä–∏—ë–º–∞ –∑–∞–∫–∞–∑–æ–≤ –ø–æ –∑–∞–ø–∏—Å–∏ —Å —É–∫–∞–∑–∞–Ω–∏–µ–º —Å–≤–æ–±–æ–¥–Ω—ã—Ö –≤—Ä–µ–º–µ–Ω–Ω—ã—Ö —Å–ª–æ—Ç–æ–≤ ‚Äî —ç—Ç–æ –ø–æ–∫–∞–∂–µ—Ç –æ—Ä–≥–∞–Ω–∏–∑–æ–≤–∞–Ω–Ω–æ—Å—Ç—å –∏ —Å–Ω–∏–∑–∏—Ç —Ç—Ä–µ–≤–æ–∂–Ω–æ—Å—Ç—å –∫–ª–∏–µ–Ω—Ç–∞ –ø–æ –ø–æ–≤–æ–¥—É –∑–∞–≥—Ä—É–∑–∫–∏ –º–∞—Å—Ç–µ—Ä–æ–≤.

3.‚ÄÉ–û–±–æ—Å–Ω–æ–≤–∞—Ç—å —Ü–µ–Ω—É –∏ –ø–æ–¥—á–µ—Ä–∫–Ω—É—Ç—å —Ü–µ–Ω–Ω–æ—Å—Ç—å:

- –í–º–µ—Å—Ç–æ –ø—Ä–æ—Å—Ç–æ–π –æ–∑–≤—É—á–∫–∏ —Å—Ç–æ–∏–º–æ—Å—Ç–∏ (–Ω–∞–ø—Ä–∏–º–µ—Ä, ¬´4300 —Ä—É–±–ª–µ–π¬ª), –¥–∞–≤–∞—Ç—å —Ä–∞—Å—à–∏—Ñ—Ä–æ–≤–∫—É: ¬´–í —ç—Ç—É —Ü–µ–Ω—É –≤—Ö–æ–¥–∏—Ç –∏–Ω–¥–∏–≤–∏–¥—É–∞–ª—å–Ω–æ–µ –∏–∑–≥–æ—Ç–æ–≤–ª–µ–Ω–∏–µ –ø–æ –≤–∞—à–µ–º—É –æ–±—Ä–∞–∑—Ü—É, —Ä–∞–±–æ—Ç–∞ –º–∞—Å—Ç–µ—Ä–∞, –ø—Ä–æ–≤–µ—Ä–∫–∞ –Ω–∞ –≥–µ—Ä–º–µ—Ç–∏—á–Ω–æ—Å—Ç—å –∏ –≥–∞—Ä–∞–Ω—Ç–∏—è 6 –º–µ—Å—è—Ü–µ–≤¬ª.
- –î–æ–±–∞–≤–∏—Ç—å –±–æ–Ω—É—Å—ã: –±–µ—Å–ø–ª–∞—Ç–Ω–∞—è –¥–∏–∞–≥–Ω–æ—Å—Ç–∏–∫–∞, —Å–∫–∏–¥–∫–∞ –Ω–∞ –≤—Ç–æ—Ä–æ–π —à–ª–∞–Ω–≥, –≥–∞—Ä–∞–Ω—Ç–∏–π–Ω—ã–π —Ç–∞–ª–æ–Ω ‚Äî —ç—Ç–æ —É—Å–∏–ª–∏—Ç –æ—â—É—â–µ–Ω–∏–µ –≤—ã–≥–æ–¥—ã.
- –†–∞–∑–º–µ—Å—Ç–∏—Ç—å —Å—Ä–∞–≤–Ω–µ–Ω–∏–µ —Å —Ü–µ–Ω–∞–º–∏ –Ω–∞ –æ—Ä–∏–≥–∏–Ω–∞–ª—å–Ω—ã–µ –¥–µ—Ç–∞–ª–∏ –∏ —Å—Ä–æ–∫–∏ –∏—Ö –ø–æ—Å—Ç–∞–≤–∫–∏ ‚Äî —á—Ç–æ–±—ã –ø–æ–∫–∞–∑–∞—Ç—å, —á—Ç–æ –∏–Ω–¥–∏–≤–∏–¥—É–∞–ª—å–Ω–æ–µ –∏–∑–≥–æ—Ç–æ–≤–ª–µ–Ω–∏–µ ‚Äî —ç—Ç–æ –Ω–µ —Ç–æ–ª—å–∫–æ –±—ã—Å—Ç—Ä–æ, –Ω–æ –∏ –≤—ã–≥–æ–¥–Ω–æ.

–≠—Ç–∏ —É–ª—É—á—à–µ–Ω–∏—è –ø–æ–º–æ–≥—É—Ç —Å–Ω—è—Ç—å —Å–æ–º–Ω–µ–Ω–∏—è –∫–ª–∏–µ–Ω—Ç–∞, –ø–æ–≤—ã—Å–∏—Ç—å –¥–æ–≤–µ—Ä–∏–µ –∏ —É–≤–µ–ª–∏—á–∏—Ç—å –∫–æ–Ω–≤–µ—Ä—Å–∏—é –æ–±—Ä–∞—â–µ–Ω–∏–π –≤ —Ä–µ–∞–ª—å–Ω—ã–µ –∑–∞–∫–∞–∑—ã.",664,848
